logId,StartUser,EffectiveDirector,RecommedUser,Level,PSOrigin,PSParent,JCOrigin,JCParent
0,242631,6791,6915,1,0.024693239916239756,0.024693239916239756,0.018835616438356163,0.018835616438356163
