logId,StartUser,EffectiveDirector,RecommedUser,Level,PSOrigin,PSParent,JCOrigin,JCParent
0,242569,6791,6915,1,0.08240856434303286,0.08240856434303286,0.022452504317789293,0.022452504317789293
