logId,StartUser,EffectiveDirector,RecommedUser,Level,PSOrigin,PSParent,JCOrigin,JCParent
0,242537,6791,6915,1,0.2927700218845599,0.2927700218845599,0.027257240204429302,0.027257240204429302
