logId,StartUser,EffectiveDirector,RecommedUser,Level,PSOrigin,PSParent,JCOrigin,JCParent
0,242552,2731,4222,1,0.5443310539518174,0.5443310539518174,0.00404040404040404,0.00404040404040404
1,4222,7525,2397,2,0.8703882797784892,0.12951888640888762,0.0031545741324921135,0.27941865916549463
2,2397,7525,3971,3,0.31524416249564036,0.15881480417652005,0.004743833017077799,0.2868347338935574
