logId,StartUser,EffectiveDirector,RecommedUser,Level,PSOrigin,PSParent,JCOrigin,JCParent
0,242627,2848,4222,1,0.9631729953859802,0.9631729953859802,0.0054017555705604325,0.0054017555705604325
1,4222,7525,2397,2,0.7495316889958615,0.12951888640888762,0.004746835443037975,0.27941865916549463
2,2397,7525,3971,3,0.061639209090192236,0.15881480417652005,0.004752851711026616,0.2868347338935574
