logId,StartUser,EffectiveDirector,RecommedUser,Level,PSOrigin,PSParent,JCOrigin,JCParent
0,242634,7234,7557,1,0.12700012700019053,0.12700012700019053,0.026627218934911243,0.026627218934911243
