logId,StartUser,EffectiveDirector,RecommedUser,Level,PSOrigin,PSParent,JCOrigin,JCParent
0,242612,9837,9562,1,0.1874258938084824,0.1874258938084824,0.014049586776859505,0.014049586776859505
