logId,StartUser,EffectiveDirector,RecommedUser,Level,PSOrigin,PSParent,JCOrigin,JCParent
0,242536,6900,520,1,0.16215287033390052,0.16215287033390052,0.02247191011235955,0.02247191011235955
