logId,StartUser,EffectiveDirector,RecommedUser,Level,PSOrigin,PSParent,JCOrigin,JCParent
0,242531,6791,6915,1,0.5850532815798423,0.5850532815798423,0.013745704467353952,0.013745704467353952
1,6915,6791,4222,2,0.2360668426093902,0.37038833277828614,0.00675219446320054,0.16174801362088537
