logId,StartUser,EffectiveDirector,RecommedUser,Level,PSOrigin,PSParent,JCOrigin,JCParent
0,242662,6880,8405,1,0.09282317640775109,0.09282317640775109,0.00293398533007335,0.00293398533007335
