logId,StartUser,EffectiveDirector,RecommedUser,Level,PSOrigin,PSParent,JCOrigin,JCParent
0,242582,6791,6915,1,0.5214748460427225,0.5214748460427225,0.017035775127768313,0.017035775127768313
1,6915,6791,4222,2,0.39654527767728764,0.37038833277828614,0.009433962264150943,0.16174801362088537
