logId,StartUser,EffectiveDirector,RecommedUser,Level,PSOrigin,PSParent,JCOrigin,JCParent
0,242523,5250,9919,1,0.5000000000000001,0.5000000000000001,0.00946372239747634,0.00946372239747634
1,9919,11185,4222,2,0.7514691493021793,0.3489018416859419,0.004037685060565276,0.10723192019950124
2,4222,7525,2397,3,0.0,0.12951888640888762,0.0031520882584712374,0.27941865916549463
