logId,StartUser,EffectiveDirector,RecommedUser,Level,PSOrigin,PSParent,JCOrigin,JCParent
0,242577,3322,2423,1,0.8776719906943025,0.8776719906943025,0.03873239436619718,0.03873239436619718
1,2423,11185,4222,2,0.10653312363426524,0.22024212871761517,0.009446693657219974,0.10709759188846642
