logId,StartUser,EffectiveDirector,RecommedUser,Level,PSOrigin,PSParent,JCOrigin,JCParent
0,242626,8609,808,1,0.227429413073671,0.227429413073671,0.07407407407407407,0.07407407407407407
