logId,StartUser,EffectiveDirector,RecommedUser,Level,PSOrigin,PSParent,JCOrigin,JCParent
0,242648,3681,7607,1,0.8181818181818182,0.8181818181818182,0.021052631578947368,0.021052631578947368
1,7607,3681,2544,2,0.5283524652572602,0.367381479010722,0.016018306636155607,0.14942528735632185
2,2544,3681,9797,3,0.0,0.2526746057328921,0.012618296529968454,0.23439340400471143
