logId,StartUser,EffectiveDirector,RecommedUser,Level,PSOrigin,PSParent,JCOrigin,JCParent
0,242623,8609,808,1,0.09938352560874049,0.09938352560874049,0.11711711711711711,0.11711711711711711
