logId,StartUser,EffectiveDirector,RecommedUser,Level,PSOrigin,PSParent,JCOrigin,JCParent
0,242525,6791,6915,1,0.09477885866885685,0.09477885866885685,0.027538726333907058,0.027538726333907058
