logId,StartUser,EffectiveDirector,RecommedUser,Level,PSOrigin,PSParent,JCOrigin,JCParent
0,242633,6791,6915,1,0.2581988897471612,0.2581988897471612,0.011945392491467578,0.011945392491467578
