logId,StartUser,EffectiveDirector,RecommedUser,Level,PSOrigin,PSParent,JCOrigin,JCParent
0,242629,6791,6915,1,0.09796199811566701,0.09796199811566701,0.02195945945945946,0.02195945945945946
