logId,StartUser,EffectiveDirector,RecommedUser,Level,PSOrigin,PSParent,JCOrigin,JCParent
0,242586,6791,6915,1,0.12830425037271856,0.12830425037271856,0.023529411764705882,0.023529411764705882
