logId,StartUser,EffectiveDirector,RecommedUser,Level,PSOrigin,PSParent,JCOrigin,JCParent
0,242615,11185,4222,1,0.3368607684266076,0.3368607684266076,0.005405405405405406,0.005405405405405406
