logId,StartUser,EffectiveDirector,RecommedUser,Level,PSOrigin,PSParent,JCOrigin,JCParent
0,242546,6791,6915,1,0.6939779183594885,0.6939779183594885,0.008561643835616438,0.008561643835616438
1,6915,6791,4222,2,0.6286185570937121,0.37038833277828614,0.006076975016880486,0.16174801362088537
2,4222,7525,2397,3,0.0,0.12951888640888762,7.874015748031496E-4,0.27941865916549463
