logId,StartUser,EffectiveDirector,RecommedUser,Level,PSOrigin,PSParent,JCOrigin,JCParent
0,242429,11185,4222,1,0.5477225575051661,0.5477225575051661,0.0047425474254742545,0.0047425474254742545
