logId,StartUser,EffectiveDirector,RecommedUser,Level,PSOrigin,PSParent,JCOrigin,JCParent
0,242590,8609,808,1,0.7205766921228921,0.7205766921228921,0.06172839506172839,0.06172839506172839
1,808,8609,8417,2,0.6670170091506028,0.24033038853248234,0.024096385542168676,0.10074626865671642
2,8417,3681,7607,3,0.8660254037844385,0.32804933953171245,0.015384615384615385,0.12742382271468145
3,7607,3681,2544,4,0.7205766921228922,0.367381479010722,0.011286681715575621,0.14942528735632185
4,2544,3681,9797,5,0.41931393468876743,0.2526746057328921,0.0078003120124804995,0.23439340400471143
