logId,StartUser,EffectiveDirector,RecommedUser,Level,PSOrigin,PSParent,JCOrigin,JCParent
0,242636,6232,6002,1,0.13363062095621225,0.13363062095621225,0.00922509225092251,0.00922509225092251
