logId,StartUser,EffectiveDirector,RecommedUser,Level,PSOrigin,PSParent,JCOrigin,JCParent
0,242630,8285,4222,1,0.09795692461533863,0.09795692461533863,0.015572105619498984,0.015572105619498984
