logId,StartUser,EffectiveDirector,RecommedUser,Level,PSOrigin,PSParent,JCOrigin,JCParent
0,242587,9140,3318,1,0.6347917188462604,0.6347917188462604,0.005483549351944167,0.005483549351944167
1,3318,3657,9562,2,0.3077461837194932,0.22171902549392733,0.01485148514851485,0.27590361445783135
