logId,StartUser,EffectiveDirector,RecommedUser,Level,PSOrigin,PSParent,JCOrigin,JCParent
0,242588,194,9947,1,0.6750527405556144,0.6750527405556144,0.012759170653907496,0.012759170653907496
1,9947,194,8979,2,0.7844645405527362,0.3175669324136729,0.012048192771084338,0.3216145833333333
2,8979,9827,4222,3,0.12601941636211525,0.15996178035833003,0.008097165991902834,0.18984126984126984
