logId,StartUser,EffectiveDirector,RecommedUser,Level,PSOrigin,PSParent,JCOrigin,JCParent
0,242547,7234,7557,1,0.12700012700019053,0.12700012700019053,0.026470588235294117,0.026470588235294117
