logId,StartUser,EffectiveDirector,RecommedUser,Level,PSOrigin,PSParent,JCOrigin,JCParent
0,242650,6791,6915,1,0.1936491673103709,0.1936491673103709,0.012027491408934709,0.012027491408934709
