logId,StartUser,EffectiveDirector,RecommedUser,Level,PSOrigin,PSParent,JCOrigin,JCParent
0,242538,6929,3761,1,0.1023671916004716,0.1023671916004716,0.015486725663716814,0.015486725663716814
