logId,StartUser,EffectiveDirector,RecommedUser,Level,PSOrigin,PSParent,JCOrigin,JCParent
0,242613,6791,6915,1,0.37892662426390794,0.37892662426390794,0.020512820512820513,0.020512820512820513
