logId,StartUser,EffectiveDirector,RecommedUser,Level,PSOrigin,PSParent,JCOrigin,JCParent
0,242541,6791,6915,1,0.01946247360403807,0.01946247360403807,0.022108843537414966,0.022108843537414966
