logId,StartUser,EffectiveDirector,RecommedUser,Level,PSOrigin,PSParent,JCOrigin,JCParent
0,242544,6154,4222,1,0.4345747171784104,0.4345747171784104,0.006688963210702341,0.006688963210702341
