logId,StartUser,EffectiveDirector,RecommedUser,Level,PSOrigin,PSParent,JCOrigin,JCParent
0,242534,6791,6915,1,0.21004201260420147,0.21004201260420147,0.0436241610738255,0.0436241610738255
