logId,StartUser,EffectiveDirector,RecommedUser,Level,PSOrigin,PSParent,JCOrigin,JCParent
0,242479,6791,6915,1,0.36689969285267143,0.36689969285267143,0.02413793103448276,0.02413793103448276
