logId,StartUser,EffectiveDirector,RecommedUser,Level,PSOrigin,PSParent,JCOrigin,JCParent
0,242639,4759,1573,1,0.7559289460184544,0.7559289460184544,0.017045454545454544,0.017045454545454544
1,1573,4759,8405,2,0.30263157894736836,0.3711483374602867,0.002688172043010753,0.07566909975669099
