logId,StartUser,EffectiveDirector,RecommedUser,Level,PSOrigin,PSParent,JCOrigin,JCParent
0,242622,10276,9562,1,0.020833333333333322,0.020833333333333322,0.011541632316570486,0.011541632316570486
