logId,StartUser,EffectiveDirector,RecommedUser,Level,PSOrigin,PSParent,JCOrigin,JCParent
0,42424,3121,7398,1,0.26161979359343585,0.26161979359343585,0.172859450726979,0.172859450726979
