logId,StartUser,EffectiveDirector,RecommedUser,Level,PSOrigin,PSParent,JCOrigin,JCParent
0,242619,6791,6915,1,0.24343224778007383,0.24343224778007383,0.01384083044982699,0.01384083044982699
