logId,StartUser,EffectiveDirector,RecommedUser,Level,PSOrigin,PSParent,JCOrigin,JCParent
0,242649,7525,4222,1,0.3779644730092272,0.3779644730092272,0.004034969737726967,0.004034969737726967
