logId,StartUser,EffectiveDirector,RecommedUser,Level,PSOrigin,PSParent,JCOrigin,JCParent
0,242529,6361,156,1,0.8728715609439693,0.8728715609439693,0.0033112582781456954,0.0033112582781456954
1,156,4130,635,2,0.0,0.4215472935897026,0.00558659217877095,0.14763406940063092
