logId,StartUser,EffectiveDirector,RecommedUser,Level,PSOrigin,PSParent,JCOrigin,JCParent
0,42423,7525,4222,1,0.22489821332892254,0.22489821332892254,0.09762363519588953,0.09762363519588953
