logId,StartUser,EffectiveDirector,RecommedUser,Level,PSOrigin,PSParent,JCOrigin,JCParent
0,242585,4759,1573,1,0.7559289460184544,0.7559289460184544,0.016901408450704224,0.016901408450704224
1,1573,4759,8405,2,0.41901374569812083,0.3711483374602867,0.0029311187103077674,0.07566909975669099
