logId,StartUser,EffectiveDirector,RecommedUser,Level,PSOrigin,PSParent,JCOrigin,JCParent
0,242660,9140,3318,1,0.6019007250025713,0.6019007250025713,0.005480817140009965,0.005480817140009965
1,3318,3657,9562,2,0.15811388300841897,0.22171902549392733,0.01483924154987634,0.27590361445783135
