logId,StartUser,EffectiveDirector,RecommedUser,Level,PSOrigin,PSParent,JCOrigin,JCParent
0,242652,6791,6915,1,0.45324710388668105,0.45324710388668105,0.013745704467353952,0.013745704467353952
