logId,StartUser,EffectiveDirector,RecommedUser,Level,PSOrigin,PSParent,JCOrigin,JCParent
0,242617,6791,6915,1,0.07319250547113999,0.07319250547113999,0.02564102564102564,0.02564102564102564
