logId,StartUser,EffectiveDirector,RecommedUser,Level,PSOrigin,PSParent,JCOrigin,JCParent
0,242620,6791,6915,1,0.01659435198562214,0.01659435198562214,0.02905982905982906,0.02905982905982906
