logId,StartUser,EffectiveDirector,RecommedUser,Level,PSOrigin,PSParent,JCOrigin,JCParent
0,242618,6791,6915,1,0.25333333333333335,0.25333333333333335,0.027257240204429302,0.027257240204429302
