logId,StartUser,EffectiveDirector,RecommedUser,Level,PSOrigin,PSParent,JCOrigin,JCParent
0,242607,11185,4222,1,0.4300065817837657,0.4300065817837657,0.004051316677920324,0.004051316677920324
