logId,StartUser,EffectiveDirector,RecommedUser,Level,PSOrigin,PSParent,JCOrigin,JCParent
0,242521,6791,6915,1,0.015068103517016478,0.015068103517016478,0.04355108877721943,0.04355108877721943
