logId,StartUser,EffectiveDirector,RecommedUser,Level,PSOrigin,PSParent,JCOrigin,JCParent
0,242580,6791,6915,1,0.039862050258955055,0.039862050258955055,0.025951557093425604,0.025951557093425604
