logId,StartUser,EffectiveDirector,RecommedUser,Level,PSOrigin,PSParent,JCOrigin,JCParent
0,242543,11635,5234,1,0.9999999999999998,0.9999999999999998,0.007633587786259542,0.007633587786259542
1,5234,11635,3207,2,0.0,0.08525738938686449,0.003110419906687403,0.10037641154328733
