logId,StartUser,EffectiveDirector,RecommedUser,Level,PSOrigin,PSParent,JCOrigin,JCParent
0,242579,6791,6915,1,0.13363062095621223,0.13363062095621223,0.015384615384615385,0.015384615384615385
