logId,StartUser,EffectiveDirector,RecommedUser,Level,PSOrigin,PSParent,JCOrigin,JCParent
0,242564,2191,3667,1,0.31492101735151734,0.31492101735151734,0.02577319587628866,0.02577319587628866
