logId,StartUser,EffectiveDirector,RecommedUser,Level,PSOrigin,PSParent,JCOrigin,JCParent
0,242621,6791,6915,1,0.43211249839165844,0.43211249839165844,0.03773584905660377,0.03773584905660377
