logId,StartUser,EffectiveDirector,RecommedUser,Level,PSOrigin,PSParent,JCOrigin,JCParent
0,242605,8609,808,1,0.7071067811865475,0.7071067811865475,0.05128205128205128,0.05128205128205128
1,808,8609,8417,2,0.06375767130633386,0.24033038853248234,0.028688524590163935,0.10074626865671642
