logId,StartUser,EffectiveDirector,RecommedUser,Level,PSOrigin,PSParent,JCOrigin,JCParent
0,242527,6791,6915,1,0.2886751345948129,0.2886751345948129,0.018900343642611683,0.018900343642611683
