logId,StartUser,EffectiveDirector,RecommedUser,Level,PSOrigin,PSParent,JCOrigin,JCParent
0,242539,3322,2423,1,0.5617673173281892,0.5617673173281892,0.06428571428571428,0.06428571428571428
1,2423,11185,4222,2,0.27588029392302166,0.22024212871761517,0.012837837837837839,0.10709759188846642
