logId,StartUser,EffectiveDirector,RecommedUser,Level,PSOrigin,PSParent,JCOrigin,JCParent
0,242522,8285,4222,1,0.4082482904638631,0.4082482904638631,0.006081081081081081,0.006081081081081081
