logId,StartUser,EffectiveDirector,RecommedUser,Level,PSOrigin,PSParent,JCOrigin,JCParent
0,242501,6791,6915,1,0.5850532815798423,0.5850532815798423,0.013745704467353952,0.013745704467353952
