logId,StartUser,EffectiveDirector,RecommedUser,Level,PSOrigin,PSParent,JCOrigin,JCParent
0,242658,6791,6915,1,0.47420070662160313,0.47420070662160313,0.02195945945945946,0.02195945945945946
