logId,StartUser,EffectiveDirector,RecommedUser,Level,PSOrigin,PSParent,JCOrigin,JCParent
0,242578,6791,6915,1,0.5117155563893753,0.5117155563893753,0.03225806451612903,0.03225806451612903
1,6915,6791,4222,2,0.1948836646070593,0.37038833277828614,0.014794889038332213,0.16174801362088537
