logId,StartUser,EffectiveDirector,RecommedUser,Level,PSOrigin,PSParent,JCOrigin,JCParent
0,242583,2848,4222,1,0.8294692733952312,0.8294692733952312,0.006715916722632639,0.006715916722632639
1,4222,7525,2397,2,0.7637626158259734,0.12951888640888762,0.0054988216810683424,0.27941865916549463
2,2397,7525,3971,3,0.12886103387626732,0.15881480417652005,0.007554296506137866,0.2868347338935574
