logId,StartUser,EffectiveDirector,RecommedUser,Level,PSOrigin,PSParent,JCOrigin,JCParent
0,242589,10276,9562,1,0.39444739550636854,0.39444739550636854,0.006644518272425249,0.006644518272425249
