logId,StartUser,EffectiveDirector,RecommedUser,Level,PSOrigin,PSParent,JCOrigin,JCParent
0,242458,6791,6915,1,0.316227766016838,0.316227766016838,0.015437392795883362,0.015437392795883362
