logId,StartUser,EffectiveDirector,RecommedUser,Level,PSOrigin,PSParent,JCOrigin,JCParent
0,242551,7234,7557,1,0.5892556509887896,0.5892556509887896,0.01729106628242075,0.01729106628242075
1,7557,7234,710,2,0.0356535836138515,0.07915787352340739,0.014423076923076924,0.13148371531966224
