logId,StartUser,EffectiveDirector,RecommedUser,Level,PSOrigin,PSParent,JCOrigin,JCParent
0,242659,6929,3761,1,0.11359236684941296,0.11359236684941296,0.00881057268722467,0.00881057268722467
