logId,StartUser,EffectiveDirector,RecommedUser,Level,PSOrigin,PSParent,JCOrigin,JCParent
0,242608,6791,6915,1,0.15047095877265573,0.15047095877265573,0.012089810017271158,0.012089810017271158
