logId,StartUser,EffectiveDirector,RecommedUser,Level,PSOrigin,PSParent,JCOrigin,JCParent
0,242558,6232,6002,1,0.15811388300841892,0.15811388300841892,0.010968921389396709,0.010968921389396709
