logId,StartUser,EffectiveDirector,RecommedUser,Level,PSOrigin,PSParent,JCOrigin,JCParent
0,242528,6791,6915,1,0.13710212427677052,0.13710212427677052,0.015384615384615385,0.015384615384615385
