logId,StartUser,EffectiveDirector,RecommedUser,Level,PSOrigin,PSParent,JCOrigin,JCParent
0,242550,392,7572,1,0.3750000000000001,0.3750000000000001,0.018656716417910446,0.018656716417910446
