logId,StartUser,EffectiveDirector,RecommedUser,Level,PSOrigin,PSParent,JCOrigin,JCParent
0,242520,194,9947,1,0.8426514367948419,0.8426514367948419,0.00792393026941363,0.00792393026941363
1,9947,194,8979,2,0.9316949906249123,0.3175669324136729,0.01201923076923077,0.3216145833333333
2,8979,9827,4222,3,0.40739416105145015,0.15996178035833003,0.008091706001348618,0.18984126984126984
