logId,StartUser,EffectiveDirector,RecommedUser,Level,PSOrigin,PSParent,JCOrigin,JCParent
0,242625,6791,6915,1,0.3627381250550059,0.3627381250550059,0.018803418803418803,0.018803418803418803
