logId,StartUser,EffectiveDirector,RecommedUser,Level,PSOrigin,PSParent,JCOrigin,JCParent
0,242548,11631,4222,1,0.5720775535473553,0.5720775535473553,0.005383580080753701,0.005383580080753701
1,4222,7525,2397,2,0.0,0.12951888640888762,0.0071090047393364926,0.27941865916549463
