logId,StartUser,EffectiveDirector,RecommedUser,Level,PSOrigin,PSParent,JCOrigin,JCParent
0,242635,194,9947,1,0.8426514367948419,0.8426514367948419,0.007974481658692184,0.007974481658692184
1,9947,194,8979,2,0.9316949906249123,0.3175669324136729,0.012135922330097087,0.3216145833333333
2,8979,9827,4222,3,0.5657523818560178,0.15996178035833003,0.006072874493927126,0.18984126984126984
3,4222,7525,2397,4,0.0,0.12951888640888762,0.003946329913180742,0.27941865916549463
