logId,StartUser,EffectiveDirector,RecommedUser,Level,PSOrigin,PSParent,JCOrigin,JCParent
0,242654,6791,6915,1,0.06915640748081243,0.06915640748081243,0.03577512776831346,0.03577512776831346
