logId,StartUser,EffectiveDirector,RecommedUser,Level,PSOrigin,PSParent,JCOrigin,JCParent
0,242524,2568,6472,1,0.13363062095621225,0.13363062095621225,0.044642857142857144,0.044642857142857144
