logId,StartUser,EffectiveDirector,RecommedUser,Level,PSOrigin,PSParent,JCOrigin,JCParent
0,242581,3322,2423,1,0.19054287961914096,0.19054287961914096,0.05357142857142857,0.05357142857142857
