logId,StartUser,EffectiveDirector,RecommedUser,Level,PSOrigin,PSParent,JCOrigin,JCParent
0,242624,10276,9562,1,0.15309310892394862,0.15309310892394862,0.0115990057995029,0.0115990057995029
