logId,StartUser,EffectiveDirector,RecommedUser,Level,PSOrigin,PSParent,JCOrigin,JCParent
0,242540,6791,6915,1,0.18898223650461357,0.18898223650461357,0.030456852791878174,0.030456852791878174
