logId,StartUser,EffectiveDirector,RecommedUser,Level,PSOrigin,PSParent,JCOrigin,JCParent
0,242594,3681,7607,1,0.9999999999999998,0.9999999999999998,0.011049723756906077,0.011049723756906077
1,7607,3681,2544,2,0.30151134457776363,0.367381479010722,0.009324009324009324,0.14942528735632185
