logId,StartUser,EffectiveDirector,RecommedUser,Level,PSOrigin,PSParent,JCOrigin,JCParent
0,242563,11631,4222,1,0.45927932677184585,0.45927932677184585,0.004034969737726967,0.004034969737726967
