logId,StartUser,EffectiveDirector,RecommedUser,Level,PSOrigin,PSParent,JCOrigin,JCParent
0,242663,9716,10568,1,0.7265477421488703,0.7265477421488703,0.04727272727272727,0.04727272727272727
1,10568,2672,3971,2,0.41666666666666674,0.14839120878032352,0.0169971671388102,0.11830742659758203
