logId,StartUser,EffectiveDirector,RecommedUser,Level,PSOrigin,PSParent,JCOrigin,JCParent
0,242526,2653,10931,1,0.37500000000000017,0.37500000000000017,0.009633911368015413,0.009633911368015413
