logId,StartUser,EffectiveDirector,RecommedUser,Level,PSOrigin,PSParent,JCOrigin,JCParent
0,242632,6791,6915,1,0.4224095377771143,0.4224095377771143,0.023931623931623933,0.023931623931623933
