logId,StartUser,EffectiveDirector,RecommedUser,Level,PSOrigin,PSParent,JCOrigin,JCParent
0,242661,8609,808,1,0.7559289460184546,0.7559289460184546,0.034482758620689655,0.034482758620689655
1,808,8609,8417,2,0.45454545454545453,0.24033038853248234,0.01568627450980392,0.10074626865671642
