logId,StartUser,EffectiveDirector,RecommedUser,Level,PSOrigin,PSParent,JCOrigin,JCParent
0,242535,3322,2423,1,0.7508012182480993,0.7508012182480993,0.036231884057971016,0.036231884057971016
1,2423,11185,4222,2,0.12183316669024244,0.22024212871761517,0.008135593220338983,0.10709759188846642
