logId,StartUser,EffectiveDirector,RecommedUser,Level,PSOrigin,PSParent,JCOrigin,JCParent
0,242645,6791,6915,1,0.11026356928399425,0.11026356928399425,0.022298456260720412,0.022298456260720412
