logId,StartUser,EffectiveDirector,RecommedUser,Level,PSOrigin,PSParent,JCOrigin,JCParent
0,242611,6791,6915,1,0.7592566023652967,0.7592566023652967,0.010416666666666666,0.010416666666666666
1,6915,6791,4222,2,0.8528028654224417,0.37038833277828614,0.004062288422477996,0.16174801362088537
2,4222,7525,2397,3,0.0,0.12951888640888762,0.0023790642347343376,0.27941865916549463
