logId,StartUser,EffectiveDirector,RecommedUser,Level,PSOrigin,PSParent,JCOrigin,JCParent
0,242561,6791,6915,1,0.5651202019973521,0.5651202019973521,0.03754266211604096,0.03754266211604096
1,6915,6791,4222,2,0.022638537683608368,0.37038833277828614,0.016846361185983826,0.16174801362088537
