ServedUID,all_items,all_items_unexpected,all_items_useful,serve_time_consuming,final_items_accuracyUse,serve_one_time_consuming,serve_two_time_consuming,serve_all_time_consuming
242653,170|318|333|648|1372|1527|1569|2028|2959|3578|3623|3697|3717|4006|4310|4367|4369|4718|5010|5135|5418|5459|5989|8665|26614|30749|30812|45186|53996|54286|69526|72011|78105|79132|87520|89745|91535|91630|93363|94018|97304|99112|101864,1527|1569|2028|2959|3578|3623|3697|3717|4310|4718|5135|5418|5459|5989|8665|26614|30749|30812|45186|53996|54286|69526|72011|78105|87520|89745|91535|91630|93363|94018|97304|99112|101864,91630_4.40993672091636|69526_4.705244022634838|91535_4.77002050359282|4310_4.965253944799086|72011_3.908153651299834|26614_4.9651485097467445|99112_5.278850448361088|3717_5.44396300345826|2028_4.466562174816479|3578_4.889052281173476|78105_5.061134400747316|3697_5.17930280267703|30749_4.025142881003802|5459_4.447772930415441|101864_4.557680856552171|5418_4.495605009869581|97304_5.02935785883656|5135_3.4784925665543533|8665_4.444315117955106|94018_6.053439749345877|93363_4.062364651674088|1569_5.303636147994411|4718_4.983125429676845|54286_4.520368119813705|3623_4.559836760814781|89745_5.090596702340019|30812_4.740005969734323|53996_4.5553565918556025|87520_5.19712835138796|45186_4.023382268392967|2959_4.853670596563436|5989_4.3945808880687425|1527_4.676085124442796,null,null,61,3,12010
