ServedUID,all_items,all_items_unexpected,all_items_useful,serve_time_consuming,final_items_accuracyUse,serve_one_time_consuming,serve_two_time_consuming,serve_all_time_consuming
242655,364|381|595|745|1091|1148|1197|1907|1911|2054|2081|2125|2394|2687|2858|3257|3438|3967|8368|8580|40815|46976|54001|54259|69844|72356|76093|78499|81834|81847|88125|88140|89745|91630|97938|98809|102125|102445|103659|106072|106489|106696|108190|108932|110102|110297|112788|112852|112897|112911|113103|113348|113573|114439|114667|114713|114888|114891,745|1907|1911|3438|3967|8368|8580|40815|46976|54001|54259|69844|72356|76093|78499|81834|81847|88125|88140|89745|91630|97938|98809|102125|102445|103659|106072|106489|106696|108190|108932|110102|110297|112788|112852|112897|112911|113103|113348|113573|114439|114667|114713|114888|114891,91630_3.9481470906730727|88140_3.9633142815863587|112788_7.916666666666666|69844_4.892783730675727|72356_3.9070264217233874|81847_4.986096516919284|3438_3.6545245257097445|40815_3.738960541097929|54259_4.276816506322019|88125_4.5533312840286255|1911_6.55227041518007|46976_4.232391119548484|8368_3.7752841065675313|106696_3.0360737682066703|76093_3.7310408566705044|81834_4.795460543119879|114713_7.590557039436883|8580_4.180432993915119|54001_3.8152094240821532|78499_3.8432279883001472|745_3.77009138178097|1907_3.5690848884982764|97938_3.2079419162495646|3967_4.2893167890762625|98809_3.2387286051189594,null,null,108,7,12965
