ServedUID,all_items,all_items_unexpected,all_items_useful,serve_time_consuming,final_items_accuracyUse,serve_one_time_consuming,serve_two_time_consuming,serve_all_time_consuming
242593,47|296|316|318|480|551|593|1197|1213|1259|1356|1732|1907|2329|2918|2959|3000|3114|3793|4016|4306|4886|5618|5690|5971|6283|6377|26776|26903|27904|31658|32456|32587|34405|52885|58559|59315|62336|64614|65261|66934|68157|71535|72998|79132|79274|83132|85780|91529|97913|98604|103659|104283|104419|106100|106920|108932|109374|111362|111759|112175|112852|115927,1356|1732|1907|2959|3000|3793|4306|4886|5690|6283|6377|26776|26903|27904|32456|34405|58559|59315|62336|64614|65261|68157|71535|72998|79132|79274|83132|85780|91529|97913|98604|103659|104283|104419|106100|106920|108932|109374|111362|111759|112175|112852|115927,97913_3.92507583145592|106100_3.4403168390434153|27904_4.052951917629408|68157_3.408768031341697|72998_3.3879487159858575|6377_3.3959335010204104|3000_3.122789671830449|62336_5.989352963261796|64614_3.4091952261133733|109374_3.6170106927842784|26776_3.4584960704584877|79274_3.7312079961283877|79132_3.656214008809295|58559_3.775754591703213|83132_3.102715636020031|111362_4.32964844673042|4886_3.095653127320202|112175_3.487325937373487|91529_3.2663332719400544|34405_3.7812434252662914|65261_3.354506649852818|5690_3.172431790920744|26903_3.131312154626362|71535_3.3191330200505846|108932_3.04174781074168|112852_3.5428151962577514|3793_3.1402171832388492|6283_3.586953766557052|32456_3.4766578576028095|59315_3.8355801470835926|106920_4.034511714172846|85780_4.252826881405986|103659_4.299980449520729,null,null,80,3,160792
