ServedUID,all_items,all_items_unexpected,all_items_useful,serve_time_consuming,final_items_accuracyUse,serve_one_time_consuming,serve_two_time_consuming,serve_all_time_consuming
242623,47|296|316|318|480|551|593|1197|1213|1259|1356|1732|1907|2329|2918|2959|3000|3114|3793|4016|4306|4886|5618|5690|5971|6283|6377|26776|26903|27904|31658|32456|32587|34405|52885|58559|59315|62336|64614|65261|66934|68157|71535|72998|79132|79274|83132|85780|91529|97913|98604|103659|104283|104419|106100|106920|108932|109374|111362|111759|112175|112852|115927,1356|1732|1907|3793|4306|4886|5690|6283|26776|26903|27904|32456|34405|59315|62336|64614|65261|68157|71535|72998|79274|83132|85780|97913|98604|103659|104283|104419|106100|106920|108932|111362|111759|112175|115927,5690_3.8588306619213095|97913_4.961749304346155|26903_3.6325575330922715|106100_3.6615908803224544|27904_3.200092325487421|68157_3.231488965563109|104283_3.4628239957486073|72998_3.015711201031513|108932_3.8354076045418575|3793_3.998694444789463|26776_3.652011445402906|6283_3.2383660173835|32456_3.505969802333327|1732_3.0349914998277345|1356_3.7015822829606324|59315_4.142629764789679|111362_3.3782646212099747|4886_3.4098633879640956|106920_3.4566978248230593|34405_4.093317227137032|65261_3.664027451410415,null,null,74,2,16137
