ServedUID,all_items,all_items_unexpected,all_items_useful,serve_time_consuming,final_items_accuracyUse,serve_one_time_consuming,serve_two_time_consuming,serve_all_time_consuming
242565,356|468|480|540|587|593|1438|1620|1644|2082|2126|2316|2572|3147|3249|3624|3646|4639|4677|5135|7444|41571|43917|44694|48239|48516|53953|56367|58998|68135|72641|73290,1438|3646|4677|5135|7444|41571|43917|44694|48239|48516|53953|56367|58998|68135|72641|73290,58998_4.98610257149692|41571_4.796779163255378|48516_4.21683824511391|7444_4.434382036469321|43917_3.743866041236586|44694_4.561599352491205|72641_4.295433927120584|56367_4.172850204286493|4677_5.30749869774322|53953_3.848635671164829|3646_4.492109845085552|1438_4.6769519863969204,null,null,44,2,103141
