ServedUID,all_items,all_items_unexpected,all_items_useful,serve_time_consuming,final_items_accuracyUse,serve_one_time_consuming,serve_two_time_consuming,serve_all_time_consuming
242600,173|318|344|356|370|380|653|784|1722|2273|2429|2571|2762|3534|4340|4744|5679|6294|6502|6754|31696|53953|58559|61262|65882|68952|71379|74228|74530|76251|79132|81229|81834|83264|84152|85788|87232|88125|89745|91542|94663|94813|99114|100810|101076|102123|103688|103810|104074|104374|104457|104841|104879|104908|104913|105731|106002|106487|106540|108501,653|2273|2571|3534|4340|4744|5679|6294|6502|31696|53953|58559|61262|65882|68952|71379|74228|74530|76251|79132|81229|81834|83264|84152|85788|87232|88125|89745|91542|94663|94813|99114|100810|101076|102123|103810|104074|104374|104457|104841|104879|104908|104913|105731|106002|106487|106540|108501,104374_3.213498250771101|4340_3.522212729110846|104913_3.1425682599658638,null,null,47,16,12499
