ServedUID,all_items,all_items_unexpected,all_items_useful,serve_time_consuming,final_items_accuracyUse,serve_one_time_consuming,serve_two_time_consuming,serve_all_time_consuming
242646,110|170|185|296|316|318|356|362|455|527|780|1037|1200|1396|1411|1515|1556|1682|2329|2353|2393|2571|2600|2953|2959|3264|3578|3697|3717|3825|3994|4018|4226|4232|4308|4310|4344|4718|4886|4896|4993|4995|5152|5349|5952|5989|6264|6863|6888|7153|7361|7502|8361|8368|8636|8644|27114|31410|31613|33004|37731|40815|43871|48516|51662|52973|53322|53972|54503|56152|56156|56949|58025|58559|59315|60702|62439|63082|68319|71069|71254|71910|74946|77561|79132|79702|80549|81834|88405|88744|89745|90576|91500|91752|94018|96079|96975|97913|97938|98809|99114|100745|101114,527|780|1411|1515|1556|2571|2959|3578|3697|3717|4232|4308|4310|4718|4886|4896|5349|5952|5989|6264|6863|6888|7153|7502|8368|8636|8644|27114|31410|31613|33004|40815|43871|48516|51662|52973|53322|53972|54503|56156|56949|58025|58559|59315|60702|62439|63082|68319|71069|71254|71910|74946|77561|79132|79702|80549|81834|88405|88744|89745|90576|91500|91752|94018|96079|96975|97913|97938|98809|99114|100745|101114,31410_3.40504858985128|80549_3.0547081187035876|98809_3.436350234529408,null,null,101,3,20581
