ServedUID,all_items,all_items_unexpected,all_items_useful,serve_time_consuming,final_items_accuracyUse,serve_one_time_consuming,serve_two_time_consuming,serve_all_time_consuming
242626,47|296|316|318|480|551|593|1197|1213|1259|1356|1732|1907|2329|2918|2959|3000|3114|3793|4016|4306|4886|5618|5690|5971|6283|6377|26776|26903|27904|31658|32456|32587|34405|52885|58559|59315|62336|64614|65261|66934|68157|71535|72998|79132|79274|83132|85780|91529|97913|98604|103659|104283|104419|106100|106920|108932|109374|111362|111759|112175|112852|115927,1356|1732|1907|2959|3000|3793|4306|4886|5690|6283|26776|26903|27904|32456|34405|59315|62336|64614|65261|68157|71535|72998|79132|79274|83132|85780|91529|97913|98604|103659|104283|104419|106100|106920|108932|109374|111362|111759|112175|112852|115927,5690_3.6909838471013923|26903_3.033226807360955|106100_3.7117286125926774|71535_4.820783972673675|108932_3.6653630575248757|112852_3.208244220743446|3000_3.9484796566934786|109374_3.799893748963912|79274_3.248383691603478|6283_3.138413876575185|79132_3.1884924180586514|32456_4.302026873976407|1732_3.2171299463040297|1356_3.023317708652111|59315_3.0277573717830935|1907_3.4885946124150355|83132_4.56231047976631|111362_3.1085358360805495|106920_3.0990158706928317|2959_3.572663102340783|91529_3.503177676491224|34405_3.1625612128327676|65261_3.3440026753254957|103659_3.0066189407990436,null,null,83,3,13207
