ServedUID,all_items,all_items_unexpected,all_items_useful,serve_time_consuming,final_items_accuracyUse,serve_one_time_consuming,serve_two_time_consuming,serve_all_time_consuming
242610,47|296|316|318|480|551|593|1197|1213|1259|1356|1732|1907|2329|2918|2959|3000|3114|3793|4016|4306|4886|5618|5690|5971|6283|6377|26776|26903|27904|31658|32456|32587|34405|52885|58559|59315|62336|64614|65261|66934|68157|71535|72998|79132|79274|83132|85780|91529|97913|98604|103659|104283|104419|106100|106920|108932|109374|111362|111759|112175|112852|115927,1356|1732|1907|2959|3000|3793|4306|4886|5690|6283|6377|26776|26903|27904|31658|32456|34405|58559|59315|62336|64614|65261|68157|71535|72998|79132|79274|83132|85780|91529|97913|98604|103659|104283|104419|106100|106920|108932|109374|111362|111759|112175|112852|115927,97913_3.5864807719244576|106100_4.151234041063968|68157_3.796690518813831|104283_4.201681334722945|72998_4.429971937226019|3000_3.2249517828341596|64614_4.3664508369744155|109374_3.5346623503156245|26776_4.048020000775391|79274_4.914357654168679|111759_4.757267700957476|79132_4.06265871071903|58559_3.4288968744946|83132_4.703187635475933|111362_3.9583174061453863|31658_3.5032394859210996|91529_3.959482297422287|34405_3.185949163275532|65261_4.286552468768733|5690_3.516989550033808|26903_3.749467429151894|71535_3.739314246065556|108932_3.2161109860035837|112852_3.6869633633038617|6283_3.682157656773777|59315_3.0942687967667486|106920_4.398324398030742|2959_3.0861662705997714|85780_4.955882352941177|103659_6.859640637304059,null,null,87,2,11770
